rim,tire,rim_mm,tire_mm,diameter_mm,circumference_mm
28inch,20mm,635,20.00,675.00,2120.58
28inch,23mm,635,23.00,681.00,2139.42
28inch,25mm,635,25.00,685.00,2151.99
28inch,26mm,635,26.00,687.00,2158.27
28inch,27mm,635,27.00,689.00,2164.56
28inch,28mm,635,28.00,691.00,2170.84
28inch,30mm,635,30.00,695.00,2183.41
28inch,32mm,635,32.00,699.00,2195.97
28inch,35mm,635,35.00,705.00,2214.82
28inch,37mm,635,37.00,709.00,2227.39
28inch,38mm,635,38.00,711.00,2233.67
28inch,40mm,635,40.00,715.00,2246.24
28inch,42mm,635,42.00,719.00,2258.81
28inch,44mm,635,44.00,723.00,2271.37
28inch,45mm,635,45.00,725.00,2277.65
28inch,50mm,635,50.00,735.00,2309.07
28inch,56mm,635,56.00,747.00,2346.77
28inch,1.00inch,635,25.40,685.80,2154.50
28inch,1.25inch,635,31.75,698.50,2194.40
28inch,1.35inch,635,34.29,703.58,2210.36
28inch,1.40inch,635,35.56,706.12,2218.34
28inch,1.50inch,635,38.10,711.20,2234.30
28inch,1.75inch,635,44.45,723.90,2274.20
28inch,1.90inch,635,48.26,731.52,2298.14
28inch,1.95inch,635,49.50,734.00,2305.93
28inch,2.00inch,635,50.80,736.60,2314.10
28inch,2.10inch,635,53.34,741.68,2330.06
28inch,2.125inch,635,54.00,743.00,2334.20
28inch,2.20inch,635,55.88,746.76,2346.02
28inch,2.25inch,635,57.15,749.30,2354.00
28inch,2.30inch,635,58.42,751.84,2361.98
28inch,2.35inch,635,59.69,754.38,2369.95
28inch,2.40inch,635,60.96,756.92,2377.93
28inch,2.50inch,635,63.50,762.00,2393.89
28inch,2.60inch,635,66.04,767.08,2409.85
28inch,2.75inch,635,69.85,774.70,2433.79
28inch,2.80inch,635,71.12,777.24,2441.77
28inch,3.00inch,635,76.20,787.40,2473.69
28inch,3.80inch,635,96.52,828.04,2601.36
28inch,4.00inch,635,101.60,838.20,2633.28
28inch,4.25inch,635,107.95,850.90,2673.18
28inch,4.50inch,635,114.30,863.60,2713.08
28inch,4.60inch,635,116.84,868.68,2729.04
28inch,4.70inch,635,119.38,873.76,2745.00
28inch,4.80inch,635,121.92,878.84,2760.96
28inch,4.90inch,635,124.46,883.92,2776.92
27inch,20mm,630,20.00,670.00,2104.87
27inch,23mm,630,23.00,676.00,2123.72
27inch,25mm,630,25.00,680.00,2136.28
27inch,26mm,630,26.00,682.00,2142.57
27inch,27mm,630,27.00,684.00,2148.85
27inch,28mm,630,28.00,686.00,2155.13
27inch,30mm,630,30.00,690.00,2167.70
27inch,32mm,630,32.00,694.00,2180.27
27inch,35mm,630,35.00,700.00,2199.11
27inch,37mm,630,37.00,704.00,2211.68
27inch,38mm,630,38.00,706.00,2217.96
27inch,40mm,630,40.00,710.00,2230.53
27inch,42mm,630,42.00,714.00,2243.10
27inch,44mm,630,44.00,718.00,2255.66
27inch,45mm,630,45.00,720.00,2261.95
27inch,50mm,630,50.00,730.00,2293.36
27inch,56mm,630,56.00,742.00,2331.06
27inch,1.00inch,630,25.40,680.80,2138.80
27inch,1.25inch,630,31.75,693.50,2178.69
27inch,1.35inch,630,34.29,698.58,2194.65
27inch,1.40inch,630,35.56,701.12,2202.63
27inch,1.50inch,630,38.10,706.20,2218.59
27inch,1.75inch,630,44.45,718.90,2258.49
27inch,1.90inch,630,48.26,726.52,2282.43
27inch,1.95inch,630,49.50,729.00,2290.22
27inch,2.00inch,630,50.80,731.60,2298.39
27inch,2.10inch,630,53.34,736.68,2314.35
27inch,2.125inch,630,54.00,738.00,2318.50
27inch,2.20inch,630,55.88,741.76,2330.31
27inch,2.25inch,630,57.15,744.30,2338.29
27inch,2.30inch,630,58.42,746.84,2346.27
27inch,2.35inch,630,59.69,749.38,2354.25
27inch,2.40inch,630,60.96,751.92,2362.23
27inch,2.50inch,630,63.50,757.00,2378.19
27inch,2.60inch,630,66.04,762.08,2394.14
27inch,2.75inch,630,69.85,769.70,2418.08
27inch,2.80inch,630,71.12,772.24,2426.06
27inch,3.00inch,630,76.20,782.40,2457.98
27inch,3.80inch,630,96.52,823.04,2585.66
27inch,4.00inch,630,101.60,833.20,2617.57
27inch,4.25inch,630,107.95,845.90,2657.47
27inch,4.50inch,630,114.30,858.60,2697.37
27inch,4.60inch,630,116.84,863.68,2713.33
27inch,4.70inch,630,119.38,868.76,2729.29
27inch,4.80inch,630,121.92,873.84,2745.25
27inch,4.90inch,630,124.46,878.92,2761.21
700c/29er,20mm,622,20.00,662.00,2079.73
700c/29er,23mm,622,23.00,668.00,2098.58
700c/29er,25mm,622,25.00,672.00,2111.15
700c/29er,26mm,622,26.00,674.00,2117.43
700c/29er,27mm,622,27.00,676.00,2123.72
700c/29er,28mm,622,28.00,678.00,2130.00
700c/29er,30mm,622,30.00,682.00,2142.57
700c/29er,32mm,622,32.00,686.00,2155.13
700c/29er,35mm,622,35.00,692.00,2173.98
700c/29er,37mm,622,37.00,696.00,2186.55
700c/29er,38mm,622,38.00,698.00,2192.83
700c/29er,40mm,622,40.00,702.00,2205.40
700c/29er,42mm,622,42.00,706.00,2217.96
700c/29er,44mm,622,44.00,710.00,2230.53
700c/29er,45mm,622,45.00,712.00,2236.81
700c/29er,50mm,622,50.00,722.00,2268.23
700c/29er,56mm,622,56.00,734.00,2305.93
700c/29er,1.00inch,622,25.40,672.80,2113.66
700c/29er,1.25inch,622,31.75,685.50,2153.56
700c/29er,1.35inch,622,34.29,690.58,2169.52
700c/29er,1.40inch,622,35.56,693.12,2177.50
700c/29er,1.50inch,622,38.10,698.20,2193.46
700c/29er,1.75inch,622,44.45,710.90,2233.36
700c/29er,1.90inch,622,48.26,718.52,2257.30
700c/29er,1.95inch,622,49.50,721.00,2265.09
700c/29er,2.00inch,622,50.80,723.60,2273.26
700c/29er,2.10inch,622,53.34,728.68,2289.22
700c/29er,2.125inch,622,54.00,730.00,2293.36
700c/29er,2.20inch,622,55.88,733.76,2305.18
700c/29er,2.25inch,622,57.15,736.30,2313.15
700c/29er,2.30inch,622,58.42,738.84,2321.13
700c/29er,2.35inch,622,59.69,741.38,2329.11
700c/29er,2.40inch,622,60.96,743.92,2337.09
700c/29er,2.50inch,622,63.50,749.00,2353.05
700c/29er,2.60inch,622,66.04,754.08,2369.01
700c/29er,2.75inch,622,69.85,761.70,2392.95
700c/29er,2.80inch,622,71.12,764.24,2400.93
700c/29er,3.00inch,622,76.20,774.40,2432.85
700c/29er,3.80inch,622,96.52,815.04,2560.52
700c/29er,4.00inch,622,101.60,825.20,2592.44
700c/29er,4.25inch,622,107.95,837.90,2632.34
700c/29er,4.50inch,622,114.30,850.60,2672.24
700c/29er,4.60inch,622,116.84,855.68,2688.20
700c/29er,4.70inch,622,119.38,860.76,2704.16
700c/29er,4.80inch,622,121.92,865.84,2720.12
700c/29er,4.90inch,622,124.46,870.92,2736.08
650b/27.5,20mm,584,20.00,624.00,1960.35
650b/27.5,23mm,584,23.00,630.00,1979.20
650b/27.5,25mm,584,25.00,634.00,1991.77
650b/27.5,26mm,584,26.00,636.00,1998.05
650b/27.5,27mm,584,27.00,638.00,2004.34
650b/27.5,28mm,584,28.00,640.00,2010.62
650b/27.5,30mm,584,30.00,644.00,2023.19
650b/27.5,32mm,584,32.00,648.00,2035.75
650b/27.5,35mm,584,35.00,654.00,2054.60
650b/27.5,37mm,584,37.00,658.00,2067.17
650b/27.5,38mm,584,38.00,660.00,2073.45
650b/27.5,40mm,584,40.00,664.00,2086.02
650b/27.5,42mm,584,42.00,668.00,2098.58
650b/27.5,44mm,584,44.00,672.00,2111.15
650b/27.5,45mm,584,45.00,674.00,2117.43
650b/27.5,50mm,584,50.00,684.00,2148.85
650b/27.5,56mm,584,56.00,696.00,2186.55
650b/27.5,1.00inch,584,25.40,634.80,1994.28
650b/27.5,1.25inch,584,31.75,647.50,2034.18
650b/27.5,1.35inch,584,34.29,652.58,2050.14
650b/27.5,1.40inch,584,35.56,655.12,2058.12
650b/27.5,1.50inch,584,38.10,660.20,2074.08
650b/27.5,1.75inch,584,44.45,672.90,2113.98
650b/27.5,1.90inch,584,48.26,680.52,2137.92
650b/27.5,1.95inch,584,49.50,683.00,2145.71
650b/27.5,2.00inch,584,50.80,685.60,2153.88
650b/27.5,2.10inch,584,53.34,690.68,2169.84
650b/27.5,2.125inch,584,54.00,692.00,2173.98
650b/27.5,2.20inch,584,55.88,695.76,2185.79
650b/27.5,2.25inch,584,57.15,698.30,2193.77
650b/27.5,2.30inch,584,58.42,700.84,2201.75
650b/27.5,2.35inch,584,59.69,703.38,2209.73
650b/27.5,2.40inch,584,60.96,705.92,2217.71
650b/27.5,2.50inch,584,63.50,711.00,2233.67
650b/27.5,2.60inch,584,66.04,716.08,2249.63
650b/27.5,2.75inch,584,69.85,723.70,2273.57
650b/27.5,2.80inch,584,71.12,726.24,2281.55
650b/27.5,3.00inch,584,76.20,736.40,2313.47
650b/27.5,3.80inch,584,96.52,777.04,2441.14
650b/27.5,4.00inch,584,101.60,787.20,2473.06
650b/27.5,4.25inch,584,107.95,799.90,2512.96
650b/27.5,4.50inch,584,114.30,812.60,2552.86
650b/27.5,4.60inch,584,116.84,817.68,2568.82
650b/27.5,4.70inch,584,119.38,822.76,2584.78
650b/27.5,4.80inch,584,121.92,827.84,2600.74
650b/27.5,4.90inch,584,124.46,832.92,2616.70
650c,20mm,571,20.00,611.00,1919.51
650c,23mm,571,23.00,617.00,1938.36
650c,25mm,571,25.00,621.00,1950.93
650c,26mm,571,26.00,623.00,1957.21
650c,27mm,571,27.00,625.00,1963.50
650c,28mm,571,28.00,627.00,1969.78
650c,30mm,571,30.00,631.00,1982.34
650c,32mm,571,32.00,635.00,1994.91
650c,35mm,571,35.00,641.00,2013.76
650c,37mm,571,37.00,645.00,2026.33
650c,38mm,571,38.00,647.00,2032.61
650c,40mm,571,40.00,651.00,2045.18
650c,42mm,571,42.00,655.00,2057.74
650c,44mm,571,44.00,659.00,2070.31
650c,45mm,571,45.00,661.00,2076.59
650c,50mm,571,50.00,671.00,2108.01
650c,56mm,571,56.00,683.00,2145.71
650c,1.00inch,571,25.40,621.80,1953.44
650c,1.25inch,571,31.75,634.50,1993.34
650c,1.35inch,571,34.29,639.58,2009.30
650c,1.40inch,571,35.56,642.12,2017.28
650c,1.50inch,571,38.10,647.20,2033.24
650c,1.75inch,571,44.45,659.90,2073.14
650c,1.90inch,571,48.26,667.52,2097.08
650c,1.95inch,571,49.50,670.00,2104.87
650c,2.00inch,571,50.80,672.60,2113.04
650c,2.10inch,571,53.34,677.68,2128.99
650c,2.125inch,571,54.00,679.00,2133.14
650c,2.20inch,571,55.88,682.76,2144.95
650c,2.25inch,571,57.15,685.30,2152.93
650c,2.30inch,571,58.42,687.84,2160.91
650c,2.35inch,571,59.69,690.38,2168.89
650c,2.40inch,571,60.96,692.92,2176.87
650c,2.50inch,571,63.50,698.00,2192.83
650c,2.60inch,571,66.04,703.08,2208.79
650c,2.75inch,571,69.85,710.70,2232.73
650c,2.80inch,571,71.12,713.24,2240.71
650c,3.00inch,571,76.20,723.40,2272.63
650c,3.80inch,571,96.52,764.04,2400.30
650c,4.00inch,571,101.60,774.20,2432.22
650c,4.25inch,571,107.95,786.90,2472.12
650c,4.50inch,571,114.30,799.60,2512.02
650c,4.60inch,571,116.84,804.68,2527.98
650c,4.70inch,571,119.38,809.76,2543.94
650c,4.80inch,571,121.92,814.84,2559.90
650c,4.90inch,571,124.46,819.92,2575.85
26inchmtb,20mm,559,20.00,599.00,1881.81
26inchmtb,23mm,559,23.00,605.00,1900.66
26inchmtb,25mm,559,25.00,609.00,1913.23
26inchmtb,26mm,559,26.00,611.00,1919.51
26inchmtb,27mm,559,27.00,613.00,1925.80
26inchmtb,28mm,559,28.00,615.00,1932.08
26inchmtb,30mm,559,30.00,619.00,1944.65
26inchmtb,32mm,559,32.00,623.00,1957.21
26inchmtb,35mm,559,35.00,629.00,1976.06
26inchmtb,37mm,559,37.00,633.00,1988.63
26inchmtb,38mm,559,38.00,635.00,1994.91
26inchmtb,40mm,559,40.00,639.00,2007.48
26inchmtb,42mm,559,42.00,643.00,2020.04
26inchmtb,44mm,559,44.00,647.00,2032.61
26inchmtb,45mm,559,45.00,649.00,2038.89
26inchmtb,50mm,559,50.00,659.00,2070.31
26inchmtb,56mm,559,56.00,671.00,2108.01
26inchmtb,1.00inch,559,25.40,609.80,1915.74
26inchmtb,1.25inch,559,31.75,622.50,1955.64
26inchmtb,1.35inch,559,34.29,627.58,1971.60
26inchmtb,1.40inch,559,35.56,630.12,1979.58
26inchmtb,1.50inch,559,38.10,635.20,1995.54
26inchmtb,1.75inch,559,44.45,647.90,2035.44
26inchmtb,1.90inch,559,48.26,655.52,2059.38
26inchmtb,1.95inch,559,49.50,658.00,2067.17
26inchmtb,2.00inch,559,50.80,660.60,2075.34
26inchmtb,2.10inch,559,53.34,665.68,2091.30
26inchmtb,2.125inch,559,54.00,667.00,2095.44
26inchmtb,2.20inch,559,55.88,670.76,2107.25
26inchmtb,2.25inch,559,57.15,673.30,2115.23
26inchmtb,2.30inch,559,58.42,675.84,2123.21
26inchmtb,2.35inch,559,59.69,678.38,2131.19
26inchmtb,2.40inch,559,60.96,680.92,2139.17
26inchmtb,2.50inch,559,63.50,686.00,2155.13
26inchmtb,2.60inch,559,66.04,691.08,2171.09
26inchmtb,2.75inch,559,69.85,698.70,2195.03
26inchmtb,2.80inch,559,71.12,701.24,2203.01
26inchmtb,3.00inch,559,76.20,711.40,2234.93
26inchmtb,3.80inch,559,96.52,752.04,2362.60
26inchmtb,4.00inch,559,101.60,762.20,2394.52
26inchmtb,4.25inch,559,107.95,774.90,2434.42
26inchmtb,4.50inch,559,114.30,787.60,2474.32
26inchmtb,4.60inch,559,116.84,792.68,2490.28
26inchmtb,4.70inch,559,119.38,797.76,2506.24
26inchmtb,4.80inch,559,121.92,802.84,2522.20
26inchmtb,4.90inch,559,124.46,807.92,2538.16
24inchS5,20mm,547,20.00,587.00,1844.11
24inchS5,23mm,547,23.00,593.00,1862.96
24inchS5,25mm,547,25.00,597.00,1875.53
24inchS5,26mm,547,26.00,599.00,1881.81
24inchS5,27mm,547,27.00,601.00,1888.10
24inchS5,28mm,547,28.00,603.00,1894.38
24inchS5,30mm,547,30.00,607.00,1906.95
24inchS5,32mm,547,32.00,611.00,1919.51
24inchS5,35mm,547,35.00,617.00,1938.36
24inchS5,37mm,547,37.00,621.00,1950.93
24inchS5,38mm,547,38.00,623.00,1957.21
24inchS5,40mm,547,40.00,627.00,1969.78
24inchS5,42mm,547,42.00,631.00,1982.34
24inchS5,44mm,547,44.00,635.00,1994.91
24inchS5,45mm,547,45.00,637.00,2001.19
24inchS5,50mm,547,50.00,647.00,2032.61
24inchS5,56mm,547,56.00,659.00,2070.31
24inchS5,1.00inch,547,25.40,597.80,1878.04
24inchS5,1.25inch,547,31.75,610.50,1917.94
24inchS5,1.35inch,547,34.29,615.58,1933.90
24inchS5,1.40inch,547,35.56,618.12,1941.88
24inchS5,1.50inch,547,38.10,623.20,1957.84
24inchS5,1.75inch,547,44.45,635.90,1997.74
24inchS5,1.90inch,547,48.26,643.52,2021.68
24inchS5,1.95inch,547,49.50,646.00,2029.47
24inchS5,2.00inch,547,50.80,648.60,2037.64
24inchS5,2.10inch,547,53.34,653.68,2053.60
24inchS5,2.125inch,547,54.00,655.00,2057.74
24inchS5,2.20inch,547,55.88,658.76,2069.56
24inchS5,2.25inch,547,57.15,661.30,2077.54
24inchS5,2.30inch,547,58.42,663.84,2085.51
24inchS5,2.35inch,547,59.69,666.38,2093.49
24inchS5,2.40inch,547,60.96,668.92,2101.47
24inchS5,2.50inch,547,63.50,674.00,2117.43
24inchS5,2.60inch,547,66.04,679.08,2133.39
24inchS5,2.75inch,547,69.85,686.70,2157.33
24inchS5,2.80inch,547,71.12,689.24,2165.31
24inchS5,3.00inch,547,76.20,699.40,2197.23
24inchS5,3.80inch,547,96.52,740.04,2324.90
24inchS5,4.00inch,547,101.60,750.20,2356.82
24inchS5,4.25inch,547,107.95,762.90,2396.72
24inchS5,4.50inch,547,114.30,775.60,2436.62
24inchS5,4.60inch,547,116.84,780.68,2452.58
24inchS5,4.70inch,547,119.38,785.76,2468.54
24inchS5,4.80inch,547,121.92,790.84,2484.50
24inchS5,4.90inch,547,124.46,795.92,2500.46
24inchE6,20mm,540,20.00,580.00,1822.12
24inchE6,23mm,540,23.00,586.00,1840.97
24inchE6,25mm,540,25.00,590.00,1853.54
24inchE6,26mm,540,26.00,592.00,1859.82
24inchE6,27mm,540,27.00,594.00,1866.11
24inchE6,28mm,540,28.00,596.00,1872.39
24inchE6,30mm,540,30.00,600.00,1884.96
24inchE6,32mm,540,32.00,604.00,1897.52
24inchE6,35mm,540,35.00,610.00,1916.37
24inchE6,37mm,540,37.00,614.00,1928.94
24inchE6,38mm,540,38.00,616.00,1935.22
24inchE6,40mm,540,40.00,620.00,1947.79
24inchE6,42mm,540,42.00,624.00,1960.35
24inchE6,44mm,540,44.00,628.00,1972.92
24inchE6,45mm,540,45.00,630.00,1979.20
24inchE6,50mm,540,50.00,640.00,2010.62
24inchE6,56mm,540,56.00,652.00,2048.32
24inchE6,1.00inch,540,25.40,590.80,1856.05
24inchE6,1.25inch,540,31.75,603.50,1895.95
24inchE6,1.35inch,540,34.29,608.58,1911.91
24inchE6,1.40inch,540,35.56,611.12,1919.89
24inchE6,1.50inch,540,38.10,616.20,1935.85
24inchE6,1.75inch,540,44.45,628.90,1975.75
24inchE6,1.90inch,540,48.26,636.52,1999.69
24inchE6,1.95inch,540,49.50,639.00,2007.48
24inchE6,2.00inch,540,50.80,641.60,2015.65
24inchE6,2.10inch,540,53.34,646.68,2031.61
24inchE6,2.125inch,540,54.00,648.00,2035.75
24inchE6,2.20inch,540,55.88,651.76,2047.56
24inchE6,2.25inch,540,57.15,654.30,2055.54
24inchE6,2.30inch,540,58.42,656.84,2063.52
24inchE6,2.35inch,540,59.69,659.38,2071.50
24inchE6,2.40inch,540,60.96,661.92,2079.48
24inchE6,2.50inch,540,63.50,667.00,2095.44
24inchE6,2.60inch,540,66.04,672.08,2111.40
24inchE6,2.75inch,540,69.85,679.70,2135.34
24inchE6,2.80inch,540,71.12,682.24,2143.32
24inchE6,3.00inch,540,76.20,692.40,2175.24
24inchE6,3.80inch,540,96.52,733.04,2302.91
24inchE6,4.00inch,540,101.60,743.20,2334.83
24inchE6,4.25inch,540,107.95,755.90,2374.73
24inchE6,4.50inch,540,114.30,768.60,2414.63
24inchE6,4.60inch,540,116.84,773.68,2430.59
24inchE6,4.70inch,540,119.38,778.76,2446.55
24inchE6,4.80inch,540,121.92,783.84,2462.51
24inchE6,4.90inch,540,124.46,788.92,2478.47
24inchTerry,20mm,520,20.00,560.00,1759.29
24inchTerry,23mm,520,23.00,566.00,1778.14
24inchTerry,25mm,520,25.00,570.00,1790.71
24inchTerry,26mm,520,26.00,572.00,1796.99
24inchTerry,27mm,520,27.00,574.00,1803.27
24inchTerry,28mm,520,28.00,576.00,1809.56
24inchTerry,30mm,520,30.00,580.00,1822.12
24inchTerry,32mm,520,32.00,584.00,1834.69
24inchTerry,35mm,520,35.00,590.00,1853.54
24inchTerry,37mm,520,37.00,594.00,1866.11
24inchTerry,38mm,520,38.00,596.00,1872.39
24inchTerry,40mm,520,40.00,600.00,1884.96
24inchTerry,42mm,520,42.00,604.00,1897.52
24inchTerry,44mm,520,44.00,608.00,1910.09
24inchTerry,45mm,520,45.00,610.00,1916.37
24inchTerry,50mm,520,50.00,620.00,1947.79
24inchTerry,56mm,520,56.00,632.00,1985.49
24inchTerry,1.00inch,520,25.40,570.80,1793.22
24inchTerry,1.25inch,520,31.75,583.50,1833.12
24inchTerry,1.35inch,520,34.29,588.58,1849.08
24inchTerry,1.40inch,520,35.56,591.12,1857.06
24inchTerry,1.50inch,520,38.10,596.20,1873.02
24inchTerry,1.75inch,520,44.45,608.90,1912.92
24inchTerry,1.90inch,520,48.26,616.52,1936.85
24inchTerry,1.95inch,520,49.50,619.00,1944.65
24inchTerry,2.00inch,520,50.80,621.60,1952.81
24inchTerry,2.10inch,520,53.34,626.68,1968.77
24inchTerry,2.125inch,520,54.00,628.00,1972.92
24inchTerry,2.20inch,520,55.88,631.76,1984.73
24inchTerry,2.25inch,520,57.15,634.30,1992.71
24inchTerry,2.30inch,520,58.42,636.84,2000.69
24inchTerry,2.35inch,520,59.69,639.38,2008.67
24inchTerry,2.40inch,520,60.96,641.92,2016.65
24inchTerry,2.50inch,520,63.50,647.00,2032.61
24inchTerry,2.60inch,520,66.04,652.08,2048.57
24inchTerry,2.75inch,520,69.85,659.70,2072.51
24inchTerry,2.80inch,520,71.12,662.24,2080.49
24inchTerry,3.00inch,520,76.20,672.40,2112.41
24inchTerry,3.80inch,520,96.52,713.04,2240.08
24inchTerry,4.00inch,520,101.60,723.20,2272.00
24inchTerry,4.25inch,520,107.95,735.90,2311.90
24inchTerry,4.50inch,520,114.30,748.60,2351.80
24inchTerry,4.60inch,520,116.84,753.68,2367.76
24inchTerry,4.70inch,520,119.38,758.76,2383.71
24inchTerry,4.80inch,520,121.92,763.84,2399.67
24inchTerry,4.90inch,520,124.46,768.92,2415.63
24inchMTB/BMX,20mm,507,20.00,547.00,1718.45
24inchMTB/BMX,23mm,507,23.00,553.00,1737.30
24inchMTB/BMX,25mm,507,25.00,557.00,1749.87
24inchMTB/BMX,26mm,507,26.00,559.00,1756.15
24inchMTB/BMX,27mm,507,27.00,561.00,1762.43
24inchMTB/BMX,28mm,507,28.00,563.00,1768.72
24inchMTB/BMX,30mm,507,30.00,567.00,1781.28
24inchMTB/BMX,32mm,507,32.00,571.00,1793.85
24inchMTB/BMX,35mm,507,35.00,577.00,1812.70
24inchMTB/BMX,37mm,507,37.00,581.00,1825.27
24inchMTB/BMX,38mm,507,38.00,583.00,1831.55
24inchMTB/BMX,40mm,507,40.00,587.00,1844.11
24inchMTB/BMX,42mm,507,42.00,591.00,1856.68
24inchMTB/BMX,44mm,507,44.00,595.00,1869.25
24inchMTB/BMX,45mm,507,45.00,597.00,1875.53
24inchMTB/BMX,50mm,507,50.00,607.00,1906.95
24inchMTB/BMX,56mm,507,56.00,619.00,1944.65
24inchMTB/BMX,1.00inch,507,25.40,557.80,1752.38
24inchMTB/BMX,1.25inch,507,31.75,570.50,1792.28
24inchMTB/BMX,1.35inch,507,34.29,575.58,1808.24
24inchMTB/BMX,1.40inch,507,35.56,578.12,1816.22
24inchMTB/BMX,1.50inch,507,38.10,583.20,1832.18
24inchMTB/BMX,1.75inch,507,44.45,595.90,1872.08
24inchMTB/BMX,1.90inch,507,48.26,603.52,1896.01
24inchMTB/BMX,1.95inch,507,49.50,606.00,1903.81
24inchMTB/BMX,2.00inch,507,50.80,608.60,1911.97
24inchMTB/BMX,2.10inch,507,53.34,613.68,1927.93
24inchMTB/BMX,2.125inch,507,54.00,615.00,1932.08
24inchMTB/BMX,2.20inch,507,55.88,618.76,1943.89
24inchMTB/BMX,2.25inch,507,57.15,621.30,1951.87
24inchMTB/BMX,2.30inch,507,58.42,623.84,1959.85
24inchMTB/BMX,2.35inch,507,59.69,626.38,1967.83
24inchMTB/BMX,2.40inch,507,60.96,628.92,1975.81
24inchMTB/BMX,2.50inch,507,63.50,634.00,1991.77
24inchMTB/BMX,2.60inch,507,66.04,639.08,2007.73
24inchMTB/BMX,2.75inch,507,69.85,646.70,2031.67
24inchMTB/BMX,2.80inch,507,71.12,649.24,2039.65
24inchMTB/BMX,3.00inch,507,76.20,659.40,2071.57
24inchMTB/BMX,3.80inch,507,96.52,700.04,2199.24
24inchMTB/BMX,4.00inch,507,101.60,710.20,2231.16
24inchMTB/BMX,4.25inch,507,107.95,722.90,2271.06
24inchMTB/BMX,4.50inch,507,114.30,735.60,2310.96
24inchMTB/BMX,4.60inch,507,116.84,740.68,2326.91
24inchMTB/BMX,4.70inch,507,119.38,745.76,2342.87
24inchMTB/BMX,4.80inch,507,121.92,750.84,2358.83
24inchMTB/BMX,4.90inch,507,124.46,755.92,2374.79
20inchRecumbent,20mm,451,20.00,491.00,1542.52
20inchRecumbent,23mm,451,23.00,497.00,1561.37
20inchRecumbent,25mm,451,25.00,501.00,1573.94
20inchRecumbent,26mm,451,26.00,503.00,1580.22
20inchRecumbent,27mm,451,27.00,505.00,1586.50
20inchRecumbent,28mm,451,28.00,507.00,1592.79
20inchRecumbent,30mm,451,30.00,511.00,1605.35
20inchRecumbent,32mm,451,32.00,515.00,1617.92
20inchRecumbent,35mm,451,35.00,521.00,1636.77
20inchRecumbent,37mm,451,37.00,525.00,1649.34
20inchRecumbent,38mm,451,38.00,527.00,1655.62
20inchRecumbent,40mm,451,40.00,531.00,1668.19
20inchRecumbent,42mm,451,42.00,535.00,1680.75
20inchRecumbent,44mm,451,44.00,539.00,1693.32
20inchRecumbent,45mm,451,45.00,541.00,1699.60
20inchRecumbent,50mm,451,50.00,551.00,1731.02
20inchRecumbent,56mm,451,56.00,563.00,1768.72
20inchRecumbent,1.00inch,451,25.40,501.80,1576.45
20inchRecumbent,1.25inch,451,31.75,514.50,1616.35
20inchRecumbent,1.35inch,451,34.29,519.58,1632.31
20inchRecumbent,1.40inch,451,35.56,522.12,1640.29
20inchRecumbent,1.50inch,451,38.10,527.20,1656.25
20inchRecumbent,1.75inch,451,44.45,539.90,1696.15
20inchRecumbent,1.90inch,451,48.26,547.52,1720.08
20inchRecumbent,1.95inch,451,49.50,550.00,1727.88
20inchRecumbent,2.00inch,451,50.80,552.60,1736.04
20inchRecumbent,2.10inch,451,53.34,557.68,1752.00
20inchRecumbent,2.125inch,451,54.00,559.00,1756.15
20inchRecumbent,2.20inch,451,55.88,562.76,1767.96
20inchRecumbent,2.25inch,451,57.15,565.30,1775.94
20inchRecumbent,2.30inch,451,58.42,567.84,1783.92
20inchRecumbent,2.35inch,451,59.69,570.38,1791.90
20inchRecumbent,2.40inch,451,60.96,572.92,1799.88
20inchRecumbent,2.50inch,451,63.50,578.00,1815.84
20inchRecumbent,2.60inch,451,66.04,583.08,1831.80
20inchRecumbent,2.75inch,451,69.85,590.70,1855.74
20inchRecumbent,2.80inch,451,71.12,593.24,1863.72
20inchRecumbent,3.00inch,451,76.20,603.40,1895.64
20inchRecumbent,3.80inch,451,96.52,644.04,2023.31
20inchRecumbent,4.00inch,451,101.60,654.20,2055.23
20inchRecumbent,4.25inch,451,107.95,666.90,2095.13
20inchRecumbent,4.50inch,451,114.30,679.60,2135.03
20inchRecumbent,4.60inch,451,116.84,684.68,2150.99
20inchRecumbent,4.70inch,451,119.38,689.76,2166.94
20inchRecumbent,4.80inch,451,121.92,694.84,2182.90
20inchRecumbent,4.90inch,451,124.46,699.92,2198.86
20inchSchwinn,20mm,419,20.00,459.00,1441.99
20inchSchwinn,23mm,419,23.00,465.00,1460.84
20inchSchwinn,25mm,419,25.00,469.00,1473.41
20inchSchwinn,26mm,419,26.00,471.00,1479.69
20inchSchwinn,27mm,419,27.00,473.00,1485.97
20inchSchwinn,28mm,419,28.00,475.00,1492.26
20inchSchwinn,30mm,419,30.00,479.00,1504.82
20inchSchwinn,32mm,419,32.00,483.00,1517.39
20inchSchwinn,35mm,419,35.00,489.00,1536.24
20inchSchwinn,37mm,419,37.00,493.00,1548.81
20inchSchwinn,38mm,419,38.00,495.00,1555.09
20inchSchwinn,40mm,419,40.00,499.00,1567.65
20inchSchwinn,42mm,419,42.00,503.00,1580.22
20inchSchwinn,44mm,419,44.00,507.00,1592.79
20inchSchwinn,45mm,419,45.00,509.00,1599.07
20inchSchwinn,50mm,419,50.00,519.00,1630.49
20inchSchwinn,56mm,419,56.00,531.00,1668.19
20inchSchwinn,1.00inch,419,25.40,469.80,1475.92
20inchSchwinn,1.25inch,419,31.75,482.50,1515.82
20inchSchwinn,1.35inch,419,34.29,487.58,1531.78
20inchSchwinn,1.40inch,419,35.56,490.12,1539.76
20inchSchwinn,1.50inch,419,38.10,495.20,1555.72
20inchSchwinn,1.75inch,419,44.45,507.90,1595.61
20inchSchwinn,1.90inch,419,48.26,515.52,1619.55
20inchSchwinn,1.95inch,419,49.50,518.00,1627.34
20inchSchwinn,2.00inch,419,50.80,520.60,1635.51
20inchSchwinn,2.10inch,419,53.34,525.68,1651.47
20inchSchwinn,2.125inch,419,54.00,527.00,1655.62
20inchSchwinn,2.20inch,419,55.88,530.76,1667.43
20inchSchwinn,2.25inch,419,57.15,533.30,1675.41
20inchSchwinn,2.30inch,419,58.42,535.84,1683.39
20inchSchwinn,2.35inch,419,59.69,538.38,1691.37
20inchSchwinn,2.40inch,419,60.96,540.92,1699.35
20inchSchwinn,2.50inch,419,63.50,546.00,1715.31
20inchSchwinn,2.60inch,419,66.04,551.08,1731.27
20inchSchwinn,2.75inch,419,69.85,558.70,1755.21
20inchSchwinn,2.80inch,419,71.12,561.24,1763.19
20inchSchwinn,3.00inch,419,76.20,571.40,1795.11
20inchSchwinn,3.80inch,419,96.52,612.04,1922.78
20inchSchwinn,4.00inch,419,101.60,622.20,1954.70
20inchSchwinn,4.25inch,419,107.95,634.90,1994.60
20inchSchwinn,4.50inch,419,114.30,647.60,2034.50
20inchSchwinn,4.60inch,419,116.84,652.68,2050.45
20inchSchwinn,4.70inch,419,119.38,657.76,2066.41
20inchSchwinn,4.80inch,419,121.92,662.84,2082.37
20inchSchwinn,4.90inch,419,124.46,667.92,2098.33
20inchBMX/Recumb,20mm,406,20.00,446.00,1401.15
20inchBMX/Recumb,23mm,406,23.00,452.00,1420.00
20inchBMX/Recumb,25mm,406,25.00,456.00,1432.57
20inchBMX/Recumb,26mm,406,26.00,458.00,1438.85
20inchBMX/Recumb,27mm,406,27.00,460.00,1445.13
20inchBMX/Recumb,28mm,406,28.00,462.00,1451.42
20inchBMX/Recumb,30mm,406,30.00,466.00,1463.98
20inchBMX/Recumb,32mm,406,32.00,470.00,1476.55
20inchBMX/Recumb,35mm,406,35.00,476.00,1495.40
20inchBMX/Recumb,37mm,406,37.00,480.00,1507.96
20inchBMX/Recumb,38mm,406,38.00,482.00,1514.25
20inchBMX/Recumb,40mm,406,40.00,486.00,1526.81
20inchBMX/Recumb,42mm,406,42.00,490.00,1539.38
20inchBMX/Recumb,44mm,406,44.00,494.00,1551.95
20inchBMX/Recumb,45mm,406,45.00,496.00,1558.23
20inchBMX/Recumb,50mm,406,50.00,506.00,1589.65
20inchBMX/Recumb,56mm,406,56.00,518.00,1627.34
20inchBMX/Recumb,1.00inch,406,25.40,456.80,1435.08
20inchBMX/Recumb,1.25inch,406,31.75,469.50,1474.98
20inchBMX/Recumb,1.35inch,406,34.29,474.58,1490.94
20inchBMX/Recumb,1.40inch,406,35.56,477.12,1498.92
20inchBMX/Recumb,1.50inch,406,38.10,482.20,1514.88
20inchBMX/Recumb,1.75inch,406,44.45,494.90,1554.77
20inchBMX/Recumb,1.90inch,406,48.26,502.52,1578.71
20inchBMX/Recumb,1.95inch,406,49.50,505.00,1586.50
20inchBMX/Recumb,2.00inch,406,50.80,507.60,1594.67
20inchBMX/Recumb,2.10inch,406,53.34,512.68,1610.63
20inchBMX/Recumb,2.125inch,406,54.00,514.00,1614.78
20inchBMX/Recumb,2.20inch,406,55.88,517.76,1626.59
20inchBMX/Recumb,2.25inch,406,57.15,520.30,1634.57
20inchBMX/Recumb,2.30inch,406,58.42,522.84,1642.55
20inchBMX/Recumb,2.35inch,406,59.69,525.38,1650.53
20inchBMX/Recumb,2.40inch,406,60.96,527.92,1658.51
20inchBMX/Recumb,2.50inch,406,63.50,533.00,1674.47
20inchBMX/Recumb,2.60inch,406,66.04,538.08,1690.43
20inchBMX/Recumb,2.75inch,406,69.85,545.70,1714.37
20inchBMX/Recumb,2.80inch,406,71.12,548.24,1722.35
20inchBMX/Recumb,3.00inch,406,76.20,558.40,1754.27
20inchBMX/Recumb,3.80inch,406,96.52,599.04,1881.94
20inchBMX/Recumb,4.00inch,406,101.60,609.20,1913.86
20inchBMX/Recumb,4.25inch,406,107.95,621.90,1953.76
20inchBMX/Recumb,4.50inch,406,114.30,634.60,1993.65
20inchBMX/Recumb,4.60inch,406,116.84,639.68,2009.61
20inchBMX/Recumb,4.70inch,406,119.38,644.76,2025.57
20inchBMX/Recumb,4.80inch,406,121.92,649.84,2041.53
20inchBMX/Recumb,4.90inch,406,124.46,654.92,2057.49
17inch,20mm,369,20.00,409.00,1284.91
17inch,23mm,369,23.00,415.00,1303.76
17inch,25mm,369,25.00,419.00,1316.33
17inch,26mm,369,26.00,421.00,1322.61
17inch,27mm,369,27.00,423.00,1328.89
17inch,28mm,369,28.00,425.00,1335.18
17inch,30mm,369,30.00,429.00,1347.74
17inch,32mm,369,32.00,433.00,1360.31
17inch,35mm,369,35.00,439.00,1379.16
17inch,37mm,369,37.00,443.00,1391.73
17inch,38mm,369,38.00,445.00,1398.01
17inch,40mm,369,40.00,449.00,1410.58
17inch,42mm,369,42.00,453.00,1423.14
17inch,44mm,369,44.00,457.00,1435.71
17inch,45mm,369,45.00,459.00,1441.99
17inch,50mm,369,50.00,469.00,1473.41
17inch,56mm,369,56.00,481.00,1511.11
17inch,1.00inch,369,25.40,419.80,1318.84
17inch,1.25inch,369,31.75,432.50,1358.74
17inch,1.35inch,369,34.29,437.58,1374.70
17inch,1.40inch,369,35.56,440.12,1382.68
17inch,1.50inch,369,38.10,445.20,1398.64
17inch,1.75inch,369,44.45,457.90,1438.54
17inch,1.90inch,369,48.26,465.52,1462.47
17inch,1.95inch,369,49.50,468.00,1470.27
17inch,2.00inch,369,50.80,470.60,1478.43
17inch,2.10inch,369,53.34,475.68,1494.39
17inch,2.125inch,369,54.00,477.00,1498.54
17inch,2.20inch,369,55.88,480.76,1510.35
17inch,2.25inch,369,57.15,483.30,1518.33
17inch,2.30inch,369,58.42,485.84,1526.31
17inch,2.35inch,369,59.69,488.38,1534.29
17inch,2.40inch,369,60.96,490.92,1542.27
17inch,2.50inch,369,63.50,496.00,1558.23
17inch,2.60inch,369,66.04,501.08,1574.19
17inch,2.75inch,369,69.85,508.70,1598.13
17inch,2.80inch,369,71.12,511.24,1606.11
17inch,3.00inch,369,76.20,521.40,1638.03
17inch,3.80inch,369,96.52,562.04,1765.70
17inch,4.00inch,369,101.60,572.20,1797.62
17inch,4.25inch,369,107.95,584.90,1837.52
17inch,4.50inch,369,114.30,597.60,1877.42
17inch,4.60inch,369,116.84,602.68,1893.38
17inch,4.70inch,369,119.38,607.76,1909.33
17inch,4.80inch,369,121.92,612.84,1925.29
17inch,4.90inch,369,124.46,617.92,1941.25
16inchBrompton,20mm,349,20.00,389.00,1222.08
16inchBrompton,23mm,349,23.00,395.00,1240.93
16inchBrompton,25mm,349,25.00,399.00,1253.50
16inchBrompton,26mm,349,26.00,401.00,1259.78
16inchBrompton,27mm,349,27.00,403.00,1266.06
16inchBrompton,28mm,349,28.00,405.00,1272.35
16inchBrompton,30mm,349,30.00,409.00,1284.91
16inchBrompton,32mm,349,32.00,413.00,1297.48
16inchBrompton,35mm,349,35.00,419.00,1316.33
16inchBrompton,37mm,349,37.00,423.00,1328.89
16inchBrompton,38mm,349,38.00,425.00,1335.18
16inchBrompton,40mm,349,40.00,429.00,1347.74
16inchBrompton,42mm,349,42.00,433.00,1360.31
16inchBrompton,44mm,349,44.00,437.00,1372.88
16inchBrompton,45mm,349,45.00,439.00,1379.16
16inchBrompton,50mm,349,50.00,449.00,1410.58
16inchBrompton,56mm,349,56.00,461.00,1448.27
16inchBrompton,1.00inch,349,25.40,399.80,1256.01
16inchBrompton,1.25inch,349,31.75,412.50,1295.91
16inchBrompton,1.35inch,349,34.29,417.58,1311.87
16inchBrompton,1.40inch,349,35.56,420.12,1319.85
16inchBrompton,1.50inch,349,38.10,425.20,1335.81
16inchBrompton,1.75inch,349,44.45,437.90,1375.70
16inchBrompton,1.90inch,349,48.26,445.52,1399.64
16inchBrompton,1.95inch,349,49.50,448.00,1407.43
16inchBrompton,2.00inch,349,50.80,450.60,1415.60
16inchBrompton,2.10inch,349,53.34,455.68,1431.56
16inchBrompton,2.125inch,349,54.00,457.00,1435.71
16inchBrompton,2.20inch,349,55.88,460.76,1447.52
16inchBrompton,2.25inch,349,57.15,463.30,1455.50
16inchBrompton,2.30inch,349,58.42,465.84,1463.48
16inchBrompton,2.35inch,349,59.69,468.38,1471.46
16inchBrompton,2.40inch,349,60.96,470.92,1479.44
16inchBrompton,2.50inch,349,63.50,476.00,1495.40
16inchBrompton,2.60inch,349,66.04,481.08,1511.36
16inchBrompton,2.75inch,349,69.85,488.70,1535.30
16inchBrompton,2.80inch,349,71.12,491.24,1543.28
16inchBrompton,3.00inch,349,76.20,501.40,1575.19
16inchBrompton,3.80inch,349,96.52,542.04,1702.87
16inchBrompton,4.00inch,349,101.60,552.20,1734.79
16inchBrompton,4.25inch,349,107.95,564.90,1774.69
16inchBrompton,4.50inch,349,114.30,577.60,1814.58
16inchBrompton,4.60inch,349,116.84,582.68,1830.54
16inchBrompton,4.70inch,349,119.38,587.76,1846.50
16inchBrompton,4.80inch,349,121.92,592.84,1862.46
16inchBrompton,4.90inch,349,124.46,597.92,1878.42